Product Name,Price,Rating,No of Reviews
Women's & Girls' Solid Ribbed Crop Tank Top,319,4.1 out of 5 stars,460
Women's Regular Top,379,4.8 out of 5 stars,200
Women's Crepe Slim Fit Digital Printed Top,279,4.0 out of 5 stars,620
Women's Cotton Racerback Tank Top,246,4.3 out of 5 stars,"7,299"
Women's Regular T-Shirt,389,4.2 out of 5 stars,"25,966"
Women's Cotton Regular Top(AWT2053-Pn),399,4.1 out of 5 stars,"4,831"
Women Tops-Puff Sleeve-Round Neck Casual Tops for Women Office wear Casual Tops,329,4.1 out of 5 stars,51
Antibacterial 100% Cotton Racerback Top,149,4.1 out of 5 stars,918
Women's Regular Work Utility T-Shirt,399,4.1 out of 5 stars,907
Women's Crop Red Color V Neck Half Sleeve Polyester Solid Top,389,4.0 out of 5 stars,"2,085"
Graphic Printed T-Shirt for Women Funny Quote BTS| English Slogan Stylish T Shirt | Round Neck Stylish Tees | 100% Cotton T Shirts | Half Sleeve Office tees,248,4.1 out of 5 stars,128
Women Tops for Women Digital Printed Regular Tops for Girls,339,4.2 out of 5 stars,31
Women's Top,399,4.0 out of 5 stars,"2,259"
Women's Casual Top Shirts Print Top Basic Summer Women Tops,260,4.3 out of 5 stars,141
Women's Western Polka Dot Long Sleeve Stylish Tops for Women/Girls,399,4.1 out of 5 stars,"1,177"
Ribbed Tank Top Stylish Sleeveless Halter Neck Crop Top for Women,399,4.3 out of 5 stars,83
Uptownie Lite Women's Solid High Neck Top,322,4.0 out of 5 stars,398
top Trending Crop top for Women/Girls,399,3.9 out of 5 stars,9
"Women's Plain Crepe with Ruffle Sleeve Design on Half-Sleeve Regular Fit Office wear,Casual wear Top",329,4.3 out of 5 stars,31
Women's Top(AWT6088-P_Yellow),399,4.3 out of 5 stars,21
Stylish Plain Up and Down Cotton Tshirt for Women,379,4.0 out of 5 stars,"8,845"
Women's Casual Top Shirts Print T-Shirts Basic Summer Women Tops,260,4.0 out of 5 stars,12
Fabulous Inners E025 Stay New Tank Top for Women,299,4.1 out of 5 stars,"1,087"
Tie Dye Regular Fit Half Sleeves T-Shirts for Women/Girls,399,4.1 out of 5 stars,584
Women's Regular fit Top,349,4.0 out of 5 stars,"1,135"
Women's & Girl's Solid Ribbed Crop Tank Tops,299,4.8 out of 5 stars,6
Women TOP,389,4.0 out of 5 stars,422
Women's Rayon Printed Top,399,4.0 out of 5 stars,186
Sugr Women's Plain Regular fit T-Shirt (Pack of 2) (SUWWKTO0004G16_Multi 5 L),279,4.0 out of 5 stars,26
"Sleeveless Dark Gray with Boho Floral Printed Top â€“ Mandarin Collar, Boost Your Style with Casual Top for Women & Girls Easy Wash Without Fading Color",299,4.1 out of 5 stars,121
Women's Regular Fit Top,269,4.1 out of 5 stars,177
Women's Tank Top Korean Sexy Wave V-Neck Vest Slim Elastic Corset Camis Sleeveless Knitted Solid Ribbed Tops (Free Size) (Bust Size:76 to 105 cm),387,4.3 out of 5 stars,25
Women's Cotton Regular Fit,379,4.1 out of 5 stars,762
Cotton Full Sleeve Regular Fit T-Shirt for Women/Girls,379,4.0 out of 5 stars,473
Tie-Dye Regular Fit T-Shirt for Women,379,4.0 out of 5 stars,661
Women's Crepe Printed Top,359,4.0 out of 5 stars,14
Women's Cotton Regular Fit Printed T-Shirt,399,4.0 out of 5 stars,56
Women's Super Soft Round Neck Full Sleeves Solid Boxy Crop Top,319,4.1 out of 5 stars,"2,336"
Women's & Girls' Solid Top (KV-131),369,4.0 out of 5 stars,192
Women's Slim fit T-Shirt,369,4.0 out of 5 stars,139
Women T-Shirt,299,4.4 out of 5 stars,14
Women's Top,325,4.0 out of 5 stars,"1,141"
Cotton Half Sleeve Printed Oversized T-Shirt for Women/Girls,399,4.2 out of 5 stars,44
"Bishop Sleeves Square Neck Slim Top Polyester Blend (23"" Inches)",199,5.0 out of 5 stars,1
Women's Casual Slim Fit Square Neck Tank Top for Women/Girls,399,4.1 out of 5 stars,6
Women's T-Shirt,332,4.0 out of 5 stars,"1,206"
Women's Maroon Super Soft V-Neck Short Sleeves Cotton Solid Regular Fit T-Shirt,249,4.1 out of 5 stars,"2,489"
Women's Regular fit T-Shirt,259,4.0 out of 5 stars,598
